bijay,bijay123@.gmail.com,bijay,admin
saara,sara123@gmail.com,saara,manager
riyansh,riyansh123@gmail.com,riyansh,chef
admin,admin,admin@123,admin
dipesh,dipesh123@gmail.com,dipesh,customer
sushil,sushil123@gmail.com,sushil@123,customer
